-- MySQL dump 10.13  Distrib 8.0.31, for Win64 (x86_64)
--
-- Host: localhost    Database: empresa
-- ------------------------------------------------------
-- Server version	8.0.21

/*!40101 SET @OLD_CHARACTER_SET_CLIENT=@@CHARACTER_SET_CLIENT */;
/*!40101 SET @OLD_CHARACTER_SET_RESULTS=@@CHARACTER_SET_RESULTS */;
/*!40101 SET @OLD_COLLATION_CONNECTION=@@COLLATION_CONNECTION */;
/*!50503 SET NAMES utf8 */;
/*!40103 SET @OLD_TIME_ZONE=@@TIME_ZONE */;
/*!40103 SET TIME_ZONE='+00:00' */;
/*!40014 SET @OLD_UNIQUE_CHECKS=@@UNIQUE_CHECKS, UNIQUE_CHECKS=0 */;
/*!40014 SET @OLD_FOREIGN_KEY_CHECKS=@@FOREIGN_KEY_CHECKS, FOREIGN_KEY_CHECKS=0 */;
/*!40101 SET @OLD_SQL_MODE=@@SQL_MODE, SQL_MODE='NO_AUTO_VALUE_ON_ZERO' */;
/*!40111 SET @OLD_SQL_NOTES=@@SQL_NOTES, SQL_NOTES=0 */;

--
-- Dumping data for table `categoria_salario`
--

LOCK TABLES `categoria_salario` WRITE;
/*!40000 ALTER TABLE `categoria_salario` DISABLE KEYS */;
INSERT INTO `categoria_salario` VALUES (1,700,1200),(2,1201,1400),(3,1401,2000),(4,2001,3000),(5,3001,9999);
/*!40000 ALTER TABLE `categoria_salario` ENABLE KEYS */;
UNLOCK TABLES;

--
-- Dumping data for table `clientes`
--

LOCK TABLES `clientes` WRITE;
/*!40000 ALTER TABLE `clientes` DISABLE KEYS */;
INSERT INTO `clientes` VALUES (100,'JOCKSPORTS','345 VIEWRIDGE','BELMONT','CA','96711',415,'598-6609',7844,5000.00,_binary 'Gente muy amigable para trabajar -- le gusta que le llamen Mike'),(101,'TKB SPORT SHOP','490 BOLI RD.','REDWOOD CITY','CA','94061',415,'368-1223',7521,10000.00,_binary 'Rep called 5/8 about change in order - contact shipping'),(102,'VOLLYRITE','9722 HAMILTON','BURLINGAME','CA','95133',415,'644-3341',7654,7000.00,_binary 'Compañía haciéndo una gran promoción comenzando en 10/89. Preparada para grandes pedidos durante el invierno'),(103,'JUST TENNIS','HILLVIEW MALL','BURLINGAME','CA','97544',415,'677-9312',7521,3000.00,_binary 'Contact rep about new line of tennis rackets.'),(104,'EVERY MOUNTAIN','574 SURRY RD.','CUPERTINO','CA','93301',408,'996-2323',7499,10000.00,_binary 'clientes with high market share (23%) due to aggressive advertising.'),(105,'K + T SPORTS','3476 EL PASEO','SANTA CLARA','CA','91003',408,'376-9966',7844,5000.00,_binary 'Tends to order large amounts of merchandise at once. Accounting is considering raising their credit limit.'),(106,'SHAPE UP','908 SEQUOIA','PALO ALTO','CA','94301',415,'364-9777',7521,6000.00,_binary 'Support intensive. Orders small amonts (< 800) of merchandise at a time.'),(107,'WOMENS SPORT','VALCO VILLAGE','SUNNYVALE','CA','93301',408,'967-4398',7499,10000.00,_binary 'First sporting goods store geared exclusively towards women. Unusual promotional style.'),(108,'NORTH WOODS HEALTH AND FITNESS SUPPLY CENTER','98 LONE PINE WAY','HIBBING','CA','55649',612,'566-9123',7844,8000.00,NULL);
/*!40000 ALTER TABLE `clientes` ENABLE KEYS */;
UNLOCK TABLES;

--
-- Dumping data for table `departamento`
--

LOCK TABLES `departamento` WRITE;
/*!40000 ALTER TABLE `departamento` DISABLE KEYS */;
INSERT INTO `departamento` VALUES (10,'CONTABILIDAD','CD. MEXICO'),(20,'INVESTIGACION','MONTERREY'),(30,'VENTAS','GUADALAJARA'),(40,'OPERACIONES','TORREON');
/*!40000 ALTER TABLE `departamento` ENABLE KEYS */;
UNLOCK TABLES;

--
-- Dumping data for table `detalle_orden`
--

LOCK TABLES `detalle_orden` WRITE;
/*!40000 ALTER TABLE `detalle_orden` DISABLE KEYS */;
INSERT INTO `detalle_orden` VALUES (1,601,200376,2.40,1,2.40,1),(3,601,100890,58.00,1,58.00,2),(1,602,100870,2.80,20,56.00,3),(2,603,100860,56.00,4,224.00,4),(1,604,100890,58.00,3,174.00,5),(2,604,100861,42.00,2,84.00,6),(3,604,100860,44.00,10,440.00,7),(1,605,100861,45.00,100,4500.00,8),(2,605,100870,2.80,500,1400.00,9),(3,605,100890,58.00,5,290.00,10),(4,605,101860,24.00,50,1200.00,11),(5,605,101863,9.00,100,900.00,12),(6,605,102130,3.40,10,34.00,13),(1,606,102130,3.40,1,3.40,14),(1,607,100871,5.60,1,5.60,15),(1,608,101860,24.00,1,24.00,16),(2,608,100871,5.60,2,11.20,17),(1,609,100861,35.00,1,35.00,18),(2,609,100870,2.50,5,12.50,19),(3,609,100890,50.00,1,50.00,20),(1,610,100860,35.00,1,35.00,21),(2,610,100870,2.80,3,8.40,22),(1,611,100861,45.00,1,45.00,23),(1,612,100860,30.00,100,3000.00,24),(2,612,100861,40.50,20,810.00,25),(3,612,101863,10.00,150,1500.00,26),(4,612,100871,5.50,100,550.00,27),(1,613,100871,5.60,100,560.00,28),(2,613,101860,24.00,200,4800.00,29),(3,613,200380,4.00,150,600.00,30),(4,613,200376,2.20,200,440.00,31),(1,614,100860,35.00,444,15540.00,32),(2,614,100870,2.80,1000,2800.00,33),(3,614,100871,5.60,1000,5600.00,34),(1,615,100861,45.00,4,180.00,35),(2,615,100870,2.80,100,280.00,36),(3,615,100870,5.00,50,250.00,37),(1,616,100861,45.00,10,450.00,38),(2,616,100870,2.80,50,140.00,39),(3,616,100890,58.00,2,116.00,40),(4,616,102130,3.40,10,34.00,41),(5,616,200376,2.40,10,24.00,42),(1,617,100860,35.00,50,1750.00,43),(2,617,100861,45.00,100,4500.00,44),(3,617,100870,2.80,500,1400.00,45),(4,617,100871,5.60,500,2800.00,46),(5,617,100890,58.00,500,29000.00,47),(6,617,101860,24.00,100,2400.00,48),(7,617,101863,12.50,200,2500.00,49),(8,617,102130,3.40,100,340.00,50),(9,617,200376,2.40,200,480.00,51),(10,617,200380,4.00,300,1200.00,52),(1,618,100860,35.00,23,805.00,53),(2,618,100861,45.11,50,2255.50,54),(3,618,100870,45.00,10,450.00,55),(1,619,200380,4.00,100,400.00,56),(2,619,200376,2.40,100,240.00,57),(3,619,102130,3.40,100,340.00,58),(4,619,100871,5.60,50,280.00,59),(1,620,100860,35.00,10,350.00,60),(2,620,200376,2.40,1000,2400.00,61),(3,620,102130,3.40,500,1700.00,62),(1,621,100861,45.00,10,450.00,63),(2,621,100870,2.80,100,280.00,64);
/*!40000 ALTER TABLE `detalle_orden` ENABLE KEYS */;
UNLOCK TABLES;

--
-- Dumping data for table `empleados`
--

LOCK TABLES `empleados` WRITE;
/*!40000 ALTER TABLE `empleados` DISABLE KEYS */;
INSERT INTO `empleados` VALUES (7369,20,'JACK','SECRETARIO',7902,'2000-12-17',800.00,NULL,0),(7499,30,'GERARDO','A. VENTAS',7698,'2001-02-20',1600.00,300.00,0),(7521,30,'LAURA ','SECRETARIO',7698,'2001-02-22',1250.00,500.00,0),(7566,20,'MIGUEL ANGEL SOLER ROCHA','GERENTE',7839,'2001-04-01',2975.00,NULL,0),(7654,30,'MARTIN','A. VENTAS',7698,'2001-09-28',1250.00,1400.00,0),(7698,30,'CARLOS DE LA ROSA','GERENTE',7839,'2001-05-01',2850.00,NULL,0),(7782,10,'MARIA DE LA LUZ RIVAS','GERENTE',7839,'2001-06-09',2450.00,NULL,0),(7788,20,'MAURICIO','ANALYST',7566,'2002-12-09',3000.00,NULL,0),(7839,10,'LUIS ANTONIO MURRA ','DIRECTOR',NULL,'2001-11-17',5000.00,NULL,0),(7844,30,'RICARDO','A. VENTAS',7698,'2001-09-08',1500.00,0.00,0),(7876,20,'ALEJANDRO','SECRETARIO',7788,'2003-01-12',1100.00,NULL,0),(7900,30,'JAIME','SECRETARIO',7698,'2001-12-03',950.00,NULL,0),(7902,20,'OWALDO','ANALISTA',7566,'2002-12-03',3000.00,NULL,0),(7934,10,'TANIA','SECRETARIO',7782,'2002-01-23',1300.00,NULL,0);
/*!40000 ALTER TABLE `empleados` ENABLE KEYS */;
UNLOCK TABLES;

--
-- Dumping data for table `ordenes`
--

LOCK TABLES `ordenes` WRITE;
/*!40000 ALTER TABLE `ordenes` DISABLE KEYS */;
INSERT INTO `ordenes` VALUES (601,106,'2006-05-01','A','2006-06-30',2.40),(602,102,'2006-01-01','B','2006-01-20',56.00),(603,102,'2006-01-05',NULL,'2006-01-05',224.00),(604,106,'2006-01-15','A','2006-01-30',698.00),(605,106,'2006-06-15','A','2006-06-30',8324.00),(606,100,'2006-06-14','A','2006-06-30',3.40),(607,104,'2006-07-18','C','2006-07-18',5.60),(608,104,'2002-07-25','C','1086-07-25',35.20),(609,100,'2006-08-01','B','1967-08-15',97.50),(610,101,'2007-01-07','A','2007-01-08',101.40),(611,102,'2007-01-11','B','2007-01-11',45.00),(612,104,'2007-01-15','C','2007-01-20',5860.00),(613,102,'2007-02-01',NULL,'2007-02-01',6400.00),(614,102,'2007-02-01',NULL,'2007-02-05',23940.00),(615,107,'2007-02-01',NULL,'2007-02-06',710.00),(616,103,'2007-02-02',NULL,'2007-02-10',764.00),(617,105,'2007-02-05',NULL,'2007-03-03',46370.00),(618,102,'2007-02-15','A','2007-03-06',3510.50),(619,104,'2007-02-22',NULL,'2004-02-04',1260.00),(620,108,'2007-03-12',NULL,'2007-03-12',4450.00),(621,100,'2007-03-15','A','2007-01-01',730.00);
/*!40000 ALTER TABLE `ordenes` ENABLE KEYS */;
UNLOCK TABLES;

--
-- Dumping data for table `precio`
--

LOCK TABLES `precio` WRITE;
/*!40000 ALTER TABLE `precio` DISABLE KEYS */;
INSERT INTO `precio` VALUES (1,100871,4.80,3.20,'2005-01-01','2005-12-01'),(2,100890,58.00,46.40,'2005-01-01',NULL),(3,100890,54.00,40.50,'2004-01-01','2004-05-31'),(4,100860,35.00,28.00,'2006-01-01',NULL),(5,100860,32.00,25.60,'2006-01-01','2006-05-31'),(6,100860,30.00,24.00,'2005-01-01','2005-05-31'),(7,100861,45.00,36.00,'2006-01-01',NULL),(8,100861,42.00,33.60,'2006-01-01','2006-05-31'),(9,100861,39.00,31.20,'2006-01-01','2005-12-31'),(10,100870,2.80,2.40,'2006-01-01',NULL),(11,100870,2.40,1.90,'2005-01-01','2005-12-01'),(12,100871,5.60,4.80,'2006-01-01',NULL),(13,101860,24.00,18.00,'2005-02-15',NULL),(14,101863,12.50,9.40,'2005-02-15',NULL),(15,101863,12.50,9.40,'2005-02-15',NULL),(16,102130,3.40,2.80,'2005-08-18',NULL),(17,200376,2.40,1.75,'2006-11-15',NULL),(18,200380,4.00,3.20,'2006-11-15',NULL);
/*!40000 ALTER TABLE `precio` ENABLE KEYS */;
UNLOCK TABLES;

--
-- Dumping data for table `productos`
--

LOCK TABLES `productos` WRITE;
/*!40000 ALTER TABLE `productos` DISABLE KEYS */;
INSERT INTO `productos` VALUES (100860,'ACE TENNIS RACKET I'),(100861,'ACE TENNIS RACKET II'),(100870,'ACE TENNIS BALLS-3 PACK'),(100871,'ACE TENNIS BALLS-6 PACK'),(100890,'ACE TENNIS NET'),(101860,'SP TENNIS RACKET'),(101863,'SP ENEIOR RACKET'),(102130,'RH: \"GUIDE TO TENNIS\"'),(200376,'SB ENERGY BAR-6 PACK'),(200380,'SB VITA SNACK-6 PACK');
/*!40000 ALTER TABLE `productos` ENABLE KEYS */;
UNLOCK TABLES;
/*!40103 SET TIME_ZONE=@OLD_TIME_ZONE */;

/*!40101 SET SQL_MODE=@OLD_SQL_MODE */;
/*!40014 SET FOREIGN_KEY_CHECKS=@OLD_FOREIGN_KEY_CHECKS */;
/*!40014 SET UNIQUE_CHECKS=@OLD_UNIQUE_CHECKS */;
/*!40101 SET CHARACTER_SET_CLIENT=@OLD_CHARACTER_SET_CLIENT */;
/*!40101 SET CHARACTER_SET_RESULTS=@OLD_CHARACTER_SET_RESULTS */;
/*!40101 SET COLLATION_CONNECTION=@OLD_COLLATION_CONNECTION */;
/*!40111 SET SQL_NOTES=@OLD_SQL_NOTES */;

-- Dump completed on 2022-11-17 22:48:26
